{
    "loss": 14.48023509979248,
    "accuracy": 0.5686274766921997
}